PRAGMA foreign_keys=ON;

INSERT INTO Pessoa (idPessoa, noCC, nome, idade) VALUES (1, 20553157, 'Julieta Lima Ribeiro', 23);
INSERT INTO Pessoa (idPessoa, noCC, nome, idade) VALUES (2, 29475453, 'Antonio Rodrigues Barbosa', 67);
INSERT INTO Pessoa (idPessoa, noCC, nome, idade) VALUES (3, 71666065, 'Beatriz Cardoso Castro', 56);
INSERT INTO Pessoa (idPessoa, noCC, nome, idade) VALUES (4, 11727359, 'Mateus Araújo Pinto', 84);
INSERT INTO Pessoa (idPessoa, noCC, nome, idade) VALUES (5, 50831109, 'Isabel Azevedo Lima', 25);
INSERT INTO Pessoa (idPessoa, noCC, nome, idade) VALUES (6, 95572533, 'Carolina Fernandes Gonçalves', 38);
INSERT INTO Pessoa (idPessoa, noCC, nome, idade) VALUES (7, 98693609, 'Emília Cunha Oliveira', 15);
INSERT INTO Pessoa (idPessoa, noCC, nome, idade) VALUES (8, 94556480, 'Leila Carvalho Almeira', 30);
INSERT INTO Pessoa (idPessoa, noCC, nome, idade) VALUES (9, 62623353, 'Joao Pedro Martins', 18);
INSERT INTO Pessoa (idPessoa, noCC, nome, idade) VALUES (10, 66737787, 'Gabriela Almeira Barros', 18);
INSERT INTO Pessoa (idPessoa, noCC, nome, idade) VALUES (11, 84656402, 'Fábio Gomes Silva', 50);
INSERT INTO Pessoa (idPessoa, noCC, nome, idade) VALUES (12, 62433438, 'Brenda Gomes Araújo', 36);
INSERT INTO Pessoa (idPessoa, noCC, nome, idade) VALUES (13, 57009370, 'Júlia Lima Ribeiro', 25);
INSERT INTO Pessoa (idPessoa, noCC, nome, idade) VALUES (14, 15467970, 'David Azevedo Castro', 68);
INSERT INTO Pessoa (idPessoa, noCC, nome, idade) VALUES (15, 25735485, 'Fábio Rodrigues Azevedo', 62);
INSERT INTO Pessoa (idPessoa, noCC, nome, idade) VALUES (16, 42144030, 'Letícia Cardoso Ribeiro', 44);
INSERT INTO Pessoa (idPessoa, noCC, nome, idade) VALUES (17, 57488050, 'Tiago Sousa Rocha', 25);
INSERT INTO Pessoa (idPessoa, noCC, nome, idade) VALUES (18, 44713808, 'Sofia Dias Alves', 24);
INSERT INTO Pessoa (idPessoa, noCC, nome, idade) VALUES (19, 13031599, 'Marina Rocha Correia', 5);
INSERT INTO Pessoa (idPessoa, noCC, nome, idade) VALUES (20, 18849650, 'Miguel Barbosa Almeida', 68);
INSERT INTO Pessoa (idPessoa, noCC, nome, idade) VALUES (21, 75820675, 'Vitória Ferreira Melo', 85);
INSERT INTO Pessoa (idPessoa, noCC, nome, idade) VALUES (22, 91920811, 'Caio Azevedo Fernandes', 23);
INSERT INTO Pessoa (idPessoa, noCC, nome, idade) VALUES (23, 65074931, 'Artur Pereira Carvalho', 15);

INSERT INTO Estatuto (idEstatuto, tipo, desconto) VALUES (1, 'Senior', 2.0);
INSERT INTO Estatuto (idEstatuto, tipo, desconto) VALUES (2, 'Regular', 0.0);
INSERT INTO Estatuto (idEstatuto, tipo, desconto) VALUES (3, 'Estudante', 3.0);
INSERT INTO Estatuto (idEstatuto, tipo, desconto) VALUES (4, 'Juvenil', 4.0);

INSERT INTO Cliente (idPessoa, idEstatuto) VALUES (1, 2);
INSERT INTO Cliente (idPessoa, idEstatuto) VALUES (2, 1);
INSERT INTO Cliente (idPessoa, idEstatuto) VALUES (3, 2);
INSERT INTO Cliente (idPessoa, idEstatuto) VALUES (4, 1);
INSERT INTO Cliente (idPessoa, idEstatuto) VALUES (7, 3);
INSERT INTO Cliente (idPessoa, idEstatuto) VALUES (9, 3);
INSERT INTO Cliente (idPessoa, idEstatuto) VALUES (12, 2);
INSERT INTO Cliente (idPessoa, idEstatuto) VALUES (14, 1);
INSERT INTO Cliente (idPessoa, idEstatuto) VALUES (16, 2);
INSERT INTO Cliente (idPessoa, idEstatuto) VALUES (18, 2);
INSERT INTO Cliente (idPessoa, idEstatuto) VALUES (19, 4);
INSERT INTO Cliente (idPessoa, idEstatuto) VALUES (20, 1);
INSERT INTO Cliente (idPessoa, idEstatuto) VALUES (21, 1);
INSERT INTO Cliente (idPessoa, idEstatuto) VALUES (23, 3);

INSERT INTO Cinema (idCinema, nome, localidade, horaAbertura, horaFecho, idPessoa) VALUES (1, 'CinemaPorto', 'Porto', '10:00', '01:30', 5);
INSERT INTO Cinema (idCinema, nome, localidade, horaAbertura, horaFecho, idPessoa) VALUES (2, 'CinemaLisboa', 'Lisboa', '10:30', '02:00', 6);
INSERT INTO Cinema (idCinema, nome, localidade, horaAbertura, horaFecho, idPessoa) VALUES (3, 'CinemaAlgarve', 'Algarve', '12:00', '03:00', 8);

INSERT INTO Menu (idMenu, tamanho, preco) VALUES (1, 'Pequeno', '4,00');
INSERT INTO Menu (idMenu, tamanho, preco) VALUES (2, 'Medio', '4,50');
INSERT INTO Menu (idMenu, tamanho, preco) VALUES (3, 'Grande', '5,50');

INSERT INTO Snack (idSnack, nome, preco, tamanho, idMenu) VALUES (1, 'Pipocas', NULL, NULL, 1);
INSERT INTO Snack (idSnack, nome, preco, tamanho, idMenu) VALUES (2, 'Bebida', NULL, NULL, 1);
INSERT INTO Snack (idSnack, nome, preco, tamanho, idMenu) VALUES (3, 'Pipocas', NULL, NULL, 2);
INSERT INTO Snack (idSnack, nome, preco, tamanho, idMenu) VALUES (4, 'Bebida', NULL, NULL, 2);
INSERT INTO Snack (idSnack, nome, preco, tamanho, idMenu) VALUES (5, 'Pipocas', NULL, NULL, 3);
INSERT INTO Snack (idSnack, nome, preco, tamanho, idMenu) VALUES (6, 'Bebida', NULL, NULL, 3);
INSERT INTO Snack (idSnack, nome, preco, tamanho, idMenu) VALUES (7, 'Pipocas', '3,00', 'Pequeno', NULL);
INSERT INTO Snack (idSnack, nome, preco, tamanho, idMenu) VALUES (8, 'Bebida', '1,50', 'Pequeno', NULL);
INSERT INTO Snack (idSnack, nome, preco, tamanho, idMenu) VALUES (9, 'Pipocas', '3,50', 'Medio', NULL);
INSERT INTO Snack (idSnack, nome, preco, tamanho, idMenu) VALUES (10, 'Bebida', '2,00', 'Medio', NULL);
INSERT INTO Snack (idSnack, nome, preco, tamanho, idMenu) VALUES (11, 'Pipocas', '4,00', 'Grande', NULL);
INSERT INTO Snack (idSnack, nome, preco, tamanho, idMenu) VALUES (12, 'Bebida', '2,00', 'Grande', NULL);
INSERT INTO Snack (idSnack, nome, preco, tamanho, idMenu) VALUES (13, 'Chocolate', '1,40', 'Nao Definido', NULL);
INSERT INTO Snack (idSnack, nome, preco, tamanho, idMenu) VALUES (14, 'Batatas Fritas', '1,00', 'Nao Definido', NULL);
INSERT INTO Snack (idSnack, nome, preco, tamanho, idMenu) VALUES (15, 'Gomas', '0,99', 'Nao Definido', NULL);

INSERT INTO Filme (idFilme, nome, duracao, genero, idadeMinima, rating, sinopse) VALUES (1, 'Hustlers', 110, 'Comedy', 14, 6.3, 'Inspired by the viral New York Magazine article, Hustlers follows a crew of savvy former strip club employees who band together to turn the tables on their Wall Street clients.');
INSERT INTO Filme (idFilme, nome, duracao, genero, idadeMinima, rating, sinopse) VALUES (2, 'A Beautiful Day in the Neighborhood', 109, 'Drama', 13, 7.3, 'Based on the true story of a real-life friendship between Fred Rogers and journalist Lloyd Vogel.');
INSERT INTO Filme (idFilme, nome, duracao, genero, idadeMinima, rating, sinopse) VALUES (3, 'Dolemite Is My Name', 118, 'Comedy', 16, 7.3, 'Eddie Murphy portrays real-life legend Rudy Ray Moore, a comedy and rap pioneer who proved naysayers wrong when his hilarious, obscene, kung-fu fighting alter ego, Dolemite, became a 1970s Blaxploitation phenomenon.');
INSERT INTO Filme (idFilme, nome, duracao, genero, idadeMinima, rating, sinopse) VALUES (4, 'Knives Out', 131, 'Crime', 12, 8.0, 'A detective investigates the death of a patriarch of an eccentric, combative family.');
INSERT INTO Filme (idFilme, nome, duracao, genero, idadeMinima, rating, sinopse) VALUES (5, 'Parasite', 132, 'Thriller', 14, 8.6, 'A poor family, the Kims, con their way into becoming the servants of a rich family, the Parks. But their easy life gets complicated when their deception is threatened with exposure.');
INSERT INTO Filme (idFilme, nome, duracao, genero, idadeMinima, rating, sinopse) VALUES (6, 'Little Women', 135, 'Drama', 12, 7.9, 'Jo March (Saoirse Ronan) reflects back and forth on her life, telling the beloved story of the March sisters - four young women each determined to live life on her own terms.');
INSERT INTO Filme (idFilme, nome, duracao, genero, idadeMinima, rating, sinopse) VALUES (7, 'Marriage Story', 137, 'Romance', 16, 8.0, 'Noah Baumbachs incisive and compassionate look at a marriage breaking up and a family staying together.');
INSERT INTO Filme (idFilme, nome, duracao, genero, idadeMinima, rating, sinopse) VALUES (8, 'Once Upon a Time…in Hollywood', 161, 'Comedy', 16, 7.7, 'A faded television actor and his stunt double strive to achieve fame and success in the film industry during the final years of Hollywoods Golden Age in 1969 Los Angeles.');
INSERT INTO Filme (idFilme, nome, duracao, genero, idadeMinima, rating, sinopse) VALUES (9, 'The Irishman', 209, 'Biography', 16, 7.9, 'An aging hitman recalls his time with the mob and the intersecting events with his friend, Jimmy Hoffa, through the 1950-70s.');
INSERT INTO Filme (idFilme, nome, duracao, genero, idadeMinima, rating, sinopse) VALUES (10, 'Pain & Glory', 113, 'Drama', 16, 7.6, 'A film director reflects on the choices hes made as past and present come crashing down around him.');

INSERT INTO TipoSala (idTipoSala, precoSala, tipo) VALUES (1, '8,00', '3D');
INSERT INTO TipoSala (idTipoSala, precoSala, tipo) VALUES (2, '6,00', 'Regular');
INSERT INTO TipoSala (idTipoSala, precoSala, tipo) VALUES (3, '10,00', 'IMAX');
INSERT INTO TipoSala (idTipoSala, precoSala, tipo) VALUES (4, '20,00', 'XVision');

INSERT INTO Sala (idSala, numero, capacidade, idTipoSala, idCinema) VALUES (1, 1, 300, 2, 1);
INSERT INTO Sala (idSala, numero, capacidade, idTipoSala, idCinema) VALUES (2, 2, 100, 1, 1);
INSERT INTO Sala (idSala, numero, capacidade, idTipoSala, idCinema) VALUES (3, 3, 100, 3, 1);
INSERT INTO Sala (idSala, numero, capacidade, idTipoSala, idCinema) VALUES (4, 4, 150, 2, 1);
INSERT INTO Sala (idSala, numero, capacidade, idTipoSala, idCinema) VALUES (5, 1, 200, 3, 2);
INSERT INTO Sala (idSala, numero, capacidade, idTipoSala, idCinema) VALUES (6, 2, 350, 3, 2);
INSERT INTO Sala (idSala, numero, capacidade, idTipoSala, idCinema) VALUES (7, 3, 400, 2, 2);
INSERT INTO Sala (idSala, numero, capacidade, idTipoSala, idCinema) VALUES (8, 4, 100, 2, 2);
INSERT INTO Sala (idSala, numero, capacidade, idTipoSala, idCinema) VALUES (9, 1, 350, 1, 3);
INSERT INTO Sala (idSala, numero, capacidade, idTipoSala, idCinema) VALUES (10, 2, 180, 1, 3);
INSERT INTO Sala (idSala, numero, capacidade, idTipoSala, idCinema) VALUES (11, 3, 190, 2, 3);
INSERT INTO Sala (idSala, numero, capacidade, idTipoSala, idCinema) VALUES (12, 4, 220, 2, 3);

INSERT INTO Sessao (idSessao, horaInicio, horaFim, vagas, idSala, data, idFilme) VALUES (1, '14:30', '16:30', 299, 1, '2020-04-21', 1);
INSERT INTO Sessao (idSessao, horaInicio, horaFim, vagas, idSala, data, idFilme) VALUES (2, '17:00', '19:00', 29, 1, '2020-04-23', 2);
INSERT INTO Sessao (idSessao, horaInicio, horaFim, vagas, idSala, data, idFilme) VALUES (3, '15:00', '17:00', 34, 2, '2020-04-25', 3);
INSERT INTO Sessao (idSessao, horaInicio, horaFim, vagas, idSala, data, idFilme) VALUES (4, '18:00', '20:00', 34, 2, '2020-04-26', 4);
INSERT INTO Sessao (idSessao, horaInicio, horaFim, vagas, idSala, data, idFilme) VALUES (5, '20:00', '22:00', 39, 3, '2020-05-05', 5);
INSERT INTO Sessao (idSessao, horaInicio, horaFim, vagas, idSala, data, idFilme) VALUES (6, '22:30', '00:30', 39, 3, '2020-05-06', 6);
INSERT INTO Sessao (idSessao, horaInicio, horaFim, vagas, idSala, data, idFilme) VALUES (7, '13:00', '15:00', 29, 4, '2020-05-14', 7);
INSERT INTO Sessao (idSessao, horaInicio, horaFim, vagas, idSala, data, idFilme) VALUES (8, '15:30', '18:00', 29, 4, '2020-04-27', 8);
INSERT INTO Sessao (idSessao, horaInicio, horaFim, vagas, idSala, data, idFilme) VALUES (9, '14:30', '16:30', 40, 5, '2020-04-28', 1);
INSERT INTO Sessao (idSessao, horaInicio, horaFim, vagas, idSala, data, idFilme) VALUES (10, '17:00', '19:00', 39, 5, '2020-04-29', 2);
INSERT INTO Sessao (idSessao, horaInicio, horaFim, vagas, idSala, data, idFilme) VALUES (11, '15:00', '17:00', 40, 6, '2020-04-30', 3);
INSERT INTO Sessao (idSessao, horaInicio, horaFim, vagas, idSala, data, idFilme) VALUES (12, '18:00', '20:00', 40, 6, '2020-05-07', 4);
INSERT INTO Sessao (idSessao, horaInicio, horaFim, vagas, idSala, data, idFilme) VALUES (13, '20:00', '22:00', 30, 7, '2020-05-08', 5);
INSERT INTO Sessao (idSessao, horaInicio, horaFim, vagas, idSala, data, idFilme) VALUES (14, '22:30', '00:30', 30, 7, '2020-05-09', 6);
INSERT INTO Sessao (idSessao, horaInicio, horaFim, vagas, idSala, data, idFilme) VALUES (15, '13:00', '15:00', 30, 8, '2020-05-10', 7);
INSERT INTO Sessao (idSessao, horaInicio, horaFim, vagas, idSala, data, idFilme) VALUES (16, '15:30', '18:00', 30, 8, '2020-05-11', 8);
INSERT INTO Sessao (idSessao, horaInicio, horaFim, vagas, idSala, data, idFilme) VALUES (17, '14:30', '16:30', 35, 9, '2020-05-12', 1);
INSERT INTO Sessao (idSessao, horaInicio, horaFim, vagas, idSala, data, idFilme) VALUES (18, '17:00', '19:00', 35, 9, '2020-05-07', 2);
INSERT INTO Sessao (idSessao, horaInicio, horaFim, vagas, idSala, data, idFilme) VALUES (19, '15:00', '17:00', 35, 10, '2020-05-08', 3);
INSERT INTO Sessao (idSessao, horaInicio, horaFim, vagas, idSala, data, idFilme) VALUES (20, '18:00', '20:00', 35, 10, '2020-05-14', 4);
INSERT INTO Sessao (idSessao, horaInicio, horaFim, vagas, idSala, data, idFilme) VALUES (21, '20:00', '22:00', 30, 11, '2020-05-12', 5);
INSERT INTO Sessao (idSessao, horaInicio, horaFim, vagas, idSala, data, idFilme) VALUES (22, '22:30', '00:30', 30, 11, '2020-05-11', 6);
INSERT INTO Sessao (idSessao, horaInicio, horaFim, vagas, idSala, data, idFilme) VALUES (23, '14:00', '16:00', 30, 12, '2020-05-10', 7);
INSERT INTO Sessao (idSessao, horaInicio, horaFim, vagas, idSala, data, idFilme) VALUES (24, '15:30', '18:00', 0, 12, '2020-05-09', 8);

INSERT INTO Bilhete (idBilhete, idPessoa, preco, lugar, idSessao) VALUES (1, 1, '6,00', 'M10', 1);
INSERT INTO Bilhete (idBilhete, idPessoa, preco, lugar, idSessao) VALUES (2, 2, '4,00', 'K07', 2);
INSERT INTO Bilhete (idBilhete, idPessoa, preco, lugar, idSessao) VALUES (3, 3, '8,00', 'I13', 3);
INSERT INTO Bilhete (idBilhete, idPessoa, preco, lugar, idSessao) VALUES (4, 4, '6,00', 'J21', 4);
INSERT INTO Bilhete (idBilhete, idPessoa, preco, lugar, idSessao) VALUES (5, 7, '3,00', 'A12', 21);
INSERT INTO Bilhete (idBilhete, idPessoa, preco, lugar, idSessao) VALUES (6, 9, '7,00', 'L14', 5);
INSERT INTO Bilhete (idBilhete, idPessoa, preco, lugar, idSessao) VALUES (7, 12, '10,00', 'O06', 6);
INSERT INTO Bilhete (idBilhete, idPessoa, preco, lugar, idSessao) VALUES (8, 12, '6,00', 'E01', 7);
INSERT INTO Bilhete (idBilhete, idPessoa, preco, lugar, idSessao) VALUES (9, 16, '6,00', 'B15', 8);
INSERT INTO Bilhete (idBilhete, idPessoa, preco, lugar, idSessao) VALUES (10, 14, '6,00', 'F17', 4);
INSERT INTO Bilhete (idBilhete, idPessoa, preco, lugar, idSessao) VALUES (11, 20, '8,00', 'M10', 10);
INSERT INTO Bilhete (idBilhete, idPessoa, preco, lugar, idSessao) VALUES (12, 18, '8,00', 'K08', 2);
INSERT INTO Bilhete (idBilhete, idPessoa, preco, lugar, idSessao) VALUES (13, 21, '6,00', 'M10', 4);
INSERT INTO Bilhete (idBilhete, idPessoa, preco, lugar, idSessao) VALUES (14, 23, '3,00', 'G23', 7);

INSERT INTO Bilheteira (idBilheteira, montante, idCinema) VALUES (1, 200, 1);
INSERT INTO Bilheteira (idBilheteira, montante, idCinema) VALUES (2, 200, 1);
INSERT INTO Bilheteira (idBilheteira, montante, idCinema) VALUES (3, 100, 2);
INSERT INTO Bilheteira (idBilheteira, montante, idCinema) VALUES (4, 100, 2);
INSERT INTO Bilheteira (idBilheteira, montante, idCinema) VALUES (5, 500, 3);
INSERT INTO Bilheteira (idBilheteira, montante, idCinema) VALUES (6, 500, 3);

INSERT INTO BilheteiraBilhete (idBilheteira, idBilhete) VALUES (1, 1);
INSERT INTO BilheteiraBilhete (idBilheteira, idBilhete) VALUES (1, 2);
INSERT INTO BilheteiraBilhete (idBilheteira, idBilhete) VALUES (1, 3);
INSERT INTO BilheteiraBilhete (idBilheteira, idBilhete) VALUES (1, 4);
INSERT INTO BilheteiraBilhete (idBilheteira, idBilhete) VALUES (2, 5);
INSERT INTO BilheteiraBilhete (idBilheteira, idBilhete) VALUES (2, 6);
INSERT INTO BilheteiraBilhete (idBilheteira, idBilhete) VALUES (2, 7);
INSERT INTO BilheteiraBilhete (idBilheteira, idBilhete) VALUES (2, 8);
INSERT INTO BilheteiraBilhete (idBilheteira, idBilhete) VALUES (1, 9);
INSERT INTO BilheteiraBilhete (idBilheteira, idBilhete) VALUES (2, 10);
INSERT INTO BilheteiraBilhete (idBilheteira, idBilhete) VALUES (3, 11);
INSERT INTO BilheteiraBilhete (idBilheteira, idBilhete) VALUES (2, 12);
INSERT INTO BilheteiraBilhete (idBilheteira, idBilhete) VALUES (2, 13);
INSERT INTO BilheteiraBilhete (idBilheteira, idBilhete) VALUES (1, 14);

INSERT INTO BilheteiraMenu (idBilheteira, idMenu) VALUES (1, 1);
INSERT INTO BilheteiraMenu (idBilheteira, idMenu) VALUES (1, 2);
INSERT INTO BilheteiraMenu (idBilheteira, idMenu) VALUES (1, 3);
INSERT INTO BilheteiraMenu (idBilheteira, idMenu) VALUES (2, 1);
INSERT INTO BilheteiraMenu (idBilheteira, idMenu) VALUES (2, 2);
INSERT INTO BilheteiraMenu (idBilheteira, idMenu) VALUES (2, 3);
INSERT INTO BilheteiraMenu (idBilheteira, idMenu) VALUES (3, 1);
INSERT INTO BilheteiraMenu (idBilheteira, idMenu) VALUES (3, 2);
INSERT INTO BilheteiraMenu (idBilheteira, idMenu) VALUES (3, 3);
INSERT INTO BilheteiraMenu (idBilheteira, idMenu) VALUES (4, 1);
INSERT INTO BilheteiraMenu (idBilheteira, idMenu) VALUES (4, 2);
INSERT INTO BilheteiraMenu (idBilheteira, idMenu) VALUES (4, 3);
INSERT INTO BilheteiraMenu (idBilheteira, idMenu) VALUES (5, 1);
INSERT INTO BilheteiraMenu (idBilheteira, idMenu) VALUES (5, 2);
INSERT INTO BilheteiraMenu (idBilheteira, idMenu) VALUES (5, 3);
INSERT INTO BilheteiraMenu (idBilheteira, idMenu) VALUES (6, 1);
INSERT INTO BilheteiraMenu (idBilheteira, idMenu) VALUES (6, 2);
INSERT INTO BilheteiraMenu (idBilheteira, idMenu) VALUES (6, 3);

INSERT INTO CinemaFilme (idCinema, idFilme, dataEstreia, dataFim) VALUES (1, 1, '2020-04-17', '2020-05-17');
INSERT INTO CinemaFilme (idCinema, idFilme, dataEstreia, dataFim) VALUES (1, 2, '2020-04-15', '2020-05-15');
INSERT INTO CinemaFilme (idCinema, idFilme, dataEstreia, dataFim) VALUES (1, 3, '2020-04-19', '2020-05-19');
INSERT INTO CinemaFilme (idCinema, idFilme, dataEstreia, dataFim) VALUES (1, 4, '2020-04-17', '2020-05-17');
INSERT INTO CinemaFilme (idCinema, idFilme, dataEstreia, dataFim) VALUES (1, 5, '2020-04-19', '2020-05-19');
INSERT INTO CinemaFilme (idCinema, idFilme, dataEstreia, dataFim) VALUES (1, 6, '2020-04-14', '2020-05-14');
INSERT INTO CinemaFilme (idCinema, idFilme, dataEstreia, dataFim) VALUES (1, 7, '2020-04-15', '2020-05-15');
INSERT INTO CinemaFilme (idCinema, idFilme, dataEstreia, dataFim) VALUES (1, 8, '2020-04-17', '2020-05-17');
INSERT INTO CinemaFilme (idCinema, idFilme, dataEstreia, dataFim) VALUES (2, 1, '2020-04-17', '2020-05-23');
INSERT INTO CinemaFilme (idCinema, idFilme, dataEstreia, dataFim) VALUES (2, 2, '2020-04-15', '2020-05-21');
INSERT INTO CinemaFilme (idCinema, idFilme, dataEstreia, dataFim) VALUES (2, 3, '2020-04-19', '2020-05-20');
INSERT INTO CinemaFilme (idCinema, idFilme, dataEstreia, dataFim) VALUES (2, 4, '2020-04-17', '2020-05-18');
INSERT INTO CinemaFilme (idCinema, idFilme, dataEstreia, dataFim) VALUES (2, 5, '2020-04-19', '2020-05-14');
INSERT INTO CinemaFilme (idCinema, idFilme, dataEstreia, dataFim) VALUES (2, 6, '2020-04-14', '2020-05-22');
INSERT INTO CinemaFilme (idCinema, idFilme, dataEstreia, dataFim) VALUES (2, 7, '2020-04-15', '2020-05-23');
INSERT INTO CinemaFilme (idCinema, idFilme, dataEstreia, dataFim) VALUES (2, 8, '2020-04-17', '2020-05-23');
INSERT INTO CinemaFilme (idCinema, idFilme, dataEstreia, dataFim) VALUES (3, 1, '2020-04-17', '2020-05-17');
INSERT INTO CinemaFilme (idCinema, idFilme, dataEstreia, dataFim) VALUES (3, 2, '2020-04-15', '2020-05-15');
INSERT INTO CinemaFilme (idCinema, idFilme, dataEstreia, dataFim) VALUES (3, 3, '2020-04-19', '2020-05-19');
INSERT INTO CinemaFilme (idCinema, idFilme, dataEstreia, dataFim) VALUES (3, 4, '2020-04-17', '2020-05-17');
INSERT INTO CinemaFilme (idCinema, idFilme, dataEstreia, dataFim) VALUES (3, 5, '2020-04-19', '2020-05-19');
INSERT INTO CinemaFilme (idCinema, idFilme, dataEstreia, dataFim) VALUES (3, 6, '2020-04-14', '2020-05-14');
INSERT INTO CinemaFilme (idCinema, idFilme, dataEstreia, dataFim) VALUES (3, 7, '2020-04-15', '2020-05-15');
INSERT INTO CinemaFilme (idCinema, idFilme, dataEstreia, dataFim) VALUES (3, 8, '2020-04-17', '2020-05-17');

INSERT INTO Funcionario (idPessoa, ID, salario, horasSemanais, idCinema, idBilheteira) VALUES (6, 1, 400, 40, 1, 1);
INSERT INTO Funcionario (idPessoa, ID, salario, horasSemanais, idCinema, idBilheteira) VALUES (1, 2, 700, 40, 1, 2);
INSERT INTO Funcionario (idPessoa, ID, salario, horasSemanais, idCinema, idBilheteira) VALUES (9, 3, 400, 40, 1, 1);
INSERT INTO Funcionario (idPessoa, ID, salario, horasSemanais, idCinema, idBilheteira) VALUES (11, 4, 450, 35, 2, 3);
INSERT INTO Funcionario (idPessoa, ID, salario, horasSemanais, idCinema, idBilheteira) VALUES (15, 5, 450, 30, 2, 3);
INSERT INTO Funcionario (idPessoa, ID, salario, horasSemanais, idCinema, idBilheteira) VALUES (16, 6, 450, 35, 2, 4);
INSERT INTO Funcionario (idPessoa, ID, salario, horasSemanais, idCinema, idBilheteira) VALUES (18, 7, 500, 40, 3, 5);
INSERT INTO Funcionario (idPessoa, ID, salario, horasSemanais, idCinema, idBilheteira) VALUES (17, 8, 500, 40, 3, 6);
INSERT INTO Funcionario (idPessoa, ID, salario, horasSemanais, idCinema, idBilheteira) VALUES (22, 9, 500, 40, 3, 6);

INSERT INTO BilheteiraSnack (idBilheteira, idSnack) VALUES (1, 7);
INSERT INTO BilheteiraSnack (idBilheteira, idSnack) VALUES (1, 8);
INSERT INTO BilheteiraSnack (idBilheteira, idSnack) VALUES (1, 9);
INSERT INTO BilheteiraSnack (idBilheteira, idSnack) VALUES (1, 10);
INSERT INTO BilheteiraSnack (idBilheteira, idSnack) VALUES (1, 11);
INSERT INTO BilheteiraSnack (idBilheteira, idSnack) VALUES (1, 12);
INSERT INTO BilheteiraSnack (idBilheteira, idSnack) VALUES (1, 13);
INSERT INTO BilheteiraSnack (idBilheteira, idSnack) VALUES (2, 7);
INSERT INTO BilheteiraSnack (idBilheteira, idSnack) VALUES (2, 8);
INSERT INTO BilheteiraSnack (idBilheteira, idSnack) VALUES (2, 9);
INSERT INTO BilheteiraSnack (idBilheteira, idSnack) VALUES (2, 10);
INSERT INTO BilheteiraSnack (idBilheteira, idSnack) VALUES (2, 11);
INSERT INTO BilheteiraSnack (idBilheteira, idSnack) VALUES (2, 12);
INSERT INTO BilheteiraSnack (idBilheteira, idSnack) VALUES (2, 13);
INSERT INTO BilheteiraSnack (idBilheteira, idSnack) VALUES (3, 7);
INSERT INTO BilheteiraSnack (idBilheteira, idSnack) VALUES (3, 8);
INSERT INTO BilheteiraSnack (idBilheteira, idSnack) VALUES (3, 9);
INSERT INTO BilheteiraSnack (idBilheteira, idSnack) VALUES (3, 10);
INSERT INTO BilheteiraSnack (idBilheteira, idSnack) VALUES (3, 11);
INSERT INTO BilheteiraSnack (idBilheteira, idSnack) VALUES (3, 12);
INSERT INTO BilheteiraSnack (idBilheteira, idSnack) VALUES (3, 13);
INSERT INTO BilheteiraSnack (idBilheteira, idSnack) VALUES (4, 7);
INSERT INTO BilheteiraSnack (idBilheteira, idSnack) VALUES (4, 8);
INSERT INTO BilheteiraSnack (idBilheteira, idSnack) VALUES (4, 9);
INSERT INTO BilheteiraSnack (idBilheteira, idSnack) VALUES (4, 10);
INSERT INTO BilheteiraSnack (idBilheteira, idSnack) VALUES (4, 11);
INSERT INTO BilheteiraSnack (idBilheteira, idSnack) VALUES (4, 12);
INSERT INTO BilheteiraSnack (idBilheteira, idSnack) VALUES (4, 13);
INSERT INTO BilheteiraSnack (idBilheteira, idSnack) VALUES (5, 7);
INSERT INTO BilheteiraSnack (idBilheteira, idSnack) VALUES (5, 8);
INSERT INTO BilheteiraSnack (idBilheteira, idSnack) VALUES (5, 9);
INSERT INTO BilheteiraSnack (idBilheteira, idSnack) VALUES (5, 10);
INSERT INTO BilheteiraSnack (idBilheteira, idSnack) VALUES (5, 11);
INSERT INTO BilheteiraSnack (idBilheteira, idSnack) VALUES (5, 12);
INSERT INTO BilheteiraSnack (idBilheteira, idSnack) VALUES (5, 13);
INSERT INTO BilheteiraSnack (idBilheteira, idSnack) VALUES (6, 7);
INSERT INTO BilheteiraSnack (idBilheteira, idSnack) VALUES (6, 8);
INSERT INTO BilheteiraSnack (idBilheteira, idSnack) VALUES (6, 9);
INSERT INTO BilheteiraSnack (idBilheteira, idSnack) VALUES (6, 10);
INSERT INTO BilheteiraSnack (idBilheteira, idSnack) VALUES (6, 11);
INSERT INTO BilheteiraSnack (idBilheteira, idSnack) VALUES (6, 12);
INSERT INTO BilheteiraSnack (idBilheteira, idSnack) VALUES (6, 13);

INSERT INTO Fatura (idFatura, data, total, idBilheteira, idPessoa) VALUES (1, '2020-05-17', '21,40', 1, 4);
INSERT INTO Fatura (idFatura, data, total, idBilheteira, idPessoa) VALUES (2, '2020-05-17', '7,00', 1, 18);
INSERT INTO Fatura (idFatura, data, total, idBilheteira, idPessoa) VALUES (3, '2020-05-17', '5,30', 1, 19);
INSERT INTO Fatura (idFatura, data, total, idBilheteira, idPessoa) VALUES (4, '2020-06-18', '3,00', 1, 20);
INSERT INTO Fatura (idFatura, data, total, idBilheteira, idPessoa) VALUES (5, '2020-06-18', '4,00', 2, 21);
INSERT INTO Fatura (idFatura, data, total, idBilheteira, idPessoa) VALUES (6, '2020-07-19', '1,40', 2, 23);
INSERT INTO Fatura (idFatura, data, total, idBilheteira, idPessoa) VALUES (7, '2020-07-19', '4,00', 2, 12);
INSERT INTO Fatura (idFatura, data, total, idBilheteira, idPessoa) VALUES (8, '2020-09-19', '3,00', 3, 14);
INSERT INTO Fatura (idFatura, data, total, idBilheteira, idPessoa) VALUES (9, '2020-09-20', '5,50', 3, 14);
INSERT INTO Fatura (idFatura, data, total, idBilheteira, idPessoa) VALUES (10, '2020-12-21', '9,00', 4, 14);

INSERT INTO LinhaFatura (idLinhaFatura, quantidade, idMenu, idSnack, idFatura) VALUES (1, 3, 1, NULL, 1);
INSERT INTO LinhaFatura (idLinhaFatura, quantidade, idMenu, idSnack, idFatura) VALUES (2, 2, 2, NULL, 1);
INSERT INTO LinhaFatura (idLinhaFatura, quantidade, idMenu, idSnack, idFatura) VALUES (4, 1, NULL, 7, 2);
INSERT INTO LinhaFatura (idLinhaFatura, quantidade, idMenu, idSnack, idFatura) VALUES (5, 1, 1, NULL, 2);
INSERT INTO LinhaFatura (idLinhaFatura, quantidade, idMenu, idSnack, idFatura) VALUES (6, 1, 3, NULL, 3);
INSERT INTO LinhaFatura (idLinhaFatura, quantidade, idMenu, idSnack, idFatura) VALUES (7, 1, NULL, 8, 4);
INSERT INTO LinhaFatura (idLinhaFatura, quantidade, idMenu, idSnack, idFatura) VALUES (8, 1, NULL, 11, 5);
INSERT INTO LinhaFatura (idLinhaFatura, quantidade, idMenu, idSnack, idFatura) VALUES (9, 1, NULL, 13, 6);
INSERT INTO LinhaFatura (idLinhaFatura, quantidade, idMenu, idSnack, idFatura) VALUES (10, 1, 1, NULL, 7);
INSERT INTO LinhaFatura (idLinhaFatura, quantidade, idMenu, idSnack, idFatura) VALUES (11, 1, NULL, 7, 8);
INSERT INTO LinhaFatura (idLinhaFatura, quantidade, idMenu, idSnack, idFatura) VALUES (12, 1, 3, NULL, 9);
INSERT INTO LinhaFatura (idLinhaFatura, quantidade, idMenu, idSnack, idFatura) VALUES (13, 2, 2, NULL, 10);


